Nr;Schlüssel;Deutsch;Ungarisch;Wo auf der Seite;Herkunft
1;"web_nav_start";"Start";"Kezdőlap";"Navigation";"unverändert"
2;"web_nav_loesungen";"Lösungen";"Megoldások";"Navigation";"unverändert"
3;"web_nav_preise";"Preise";"Árak";"Navigation";"unverändert"
4;"web_nav_referenzen";"Referenzen";"Referenciák";"Navigation";"unverändert"
5;"web_nav_news";"News";"Hírek";"Navigation";"unverändert"
6;"web_nav_ueber";"Über ONLANG";"Az ONLANG-ról";"Navigation";"unverändert"
7;"web_nav_kontakt";"Kontakt";"Kapcsolat";"Navigation";"unverändert"
8;"web_btn_kostenlos_testen";"14 Tage kostenlos testen";"14 napos ingyenes próba";"Hauptknopf (Kopfzeile, Hero, Preiskarten)";"geändert"
9;"web_hdr_menu_oeffnen";"Menü öffnen";"Menü megnyitása";"Kopfzeile";"unverändert"
10;"web_hero_eyebrow";"Für Sportvereine gemacht";"Sportegyesületeknek készült";"Hero";"unverändert"
11;"web_hero_title";"Die digitale Plattform für";"A digitális platform";"Hero, Überschrift";"geändert"
12;"web_hero_title_highlight";"Sportvereine";"sportegyesületek számára";"Hero";"unverändert"
13;"web_hero_claim";"Einmal erstellen. Überall aktuell.";"Egyszer létrehozni. Mindenhol naprakész.";"Hero, Zeile unter der Überschrift";"neu"
14;"web_hero_subtitle";"ONLANG hilft Sportvereinen, ihre Vereinskommunikation zentral zu organisieren und gleichzeitig das Ehrenamt zu entlasten.";"Az ONLANG segít a sportegyesületeknek központilag megszervezni a kommunikációjukat, és közben tehermentesíti az önkénteseket.";"Hero, Absatz";"geändert"
15;"web_hero_claim2";"Ein Beitrag – mehrere Kanäle.";"Egy bejegyzés – több csatorna.";"Hero, Zeile unter dem Absatz";"neu"
16;"web_hero_button_funktionen";"Funktionen ansehen";"Funkciók megtekintése";"Hero, zweiter Knopf";"neu"
17;"web_hero_feld_website";"Website";"Weboldal";"Hero, vier Felder";"neu"
18;"web_hero_feld_app";"App";"App";"Hero, vier Felder";"neu"
19;"web_hero_feld_studio";"Studio";"Stúdió";"Hero, vier Felder";"neu"
20;"web_hero_feld_kommunikation";"Vereinskommunikation";"Egyesületi kommunikáció";"Hero, vier Felder";"neu"
21;"web_warum_eyebrow";"Das Problem";"A probléma";"Warum ONLANG";"unverändert"
22;"web_warum_title";"Warum ONLANG?";"Miért az ONLANG?";"Warum ONLANG";"unverändert"
23;"web_warum_p1";"Viele Vereine veröffentlichen dieselben Informationen mehrfach – auf der Website, in der App, im Newsletter oder in den sozialen Medien. Das kostet Zeit, die im Ehrenamt oft fehlt.";"Sok egyesület ugyanazt az információt többször is közzéteszi – a weboldalon, az appban, a hírlevélben vagy a közösségi médiában. Ez időbe kerül, ami az önkéntes munkában gyakran hiányzik.";"Warum ONLANG, Absatz 1";"geändert"
24;"web_warum_p2";"ONLANG setzt genau hier an: Ein Beitrag wird zentral erstellt und erscheint dort, wo Sie es festlegen.";"Az ONLANG pontosan itt segít: a bejegyzés egy helyen készül el, és ott jelenik meg, ahol Ön meghatározza.";"Warum ONLANG, Absatz 2";"geändert"
25;"web_warum_claim";"Ein Beitrag. Mehrere Kanäle. Weniger Arbeit.";"Egy bejegyzés. Több csatorna. Kevesebb munka.";"Warum ONLANG, Schlusszeile";"geändert"
26;"web_warum_row1";"Beitrag für die Website schreiben";"Bejegyzés írása a weboldalra";"Warum ONLANG";"unverändert"
27;"web_warum_row2";"Beitrag für die App noch einmal anlegen";"Bejegyzés újbóli létrehozása az apphoz";"Warum ONLANG, Zeilen rechts";"geändert"
28;"web_warum_row3";"Beitrag für weitere Kanäle erneut aufbereiten";"Bejegyzés újbóli előkészítése további csatornákhoz";"Warum ONLANG, Zeilen rechts";"geändert"
29;"web_warum_row_final";"Mit ONLANG: einmal erstellen, Kanäle anhaken – fertig.";"Az ONLANG-gal: egyszer létrehozni, csatornákat bejelölni – kész.";"Warum ONLANG, Zeilen rechts";"geändert"
30;"web_loes_eyebrow";"Funktionen";"Funkciók";"Lösungen";"unverändert"
31;"web_loes_title";"Lösungen";"Megoldások";"Lösungen";"unverändert"
32;"web_loes_subtitle";"Alles, was Ihr Verein für eine moderne digitale Kommunikation braucht — aus einer Hand.";"Minden, amire egyesületének szüksége van a modern digitális kommunikációhoz, egy kézből.";"Lösungen, Untertitel";"nur Ungarisch geändert (höfliche Form)"
33;"web_stat_website";"Website";"Weboldal";"Lösungen / Ablauf";"unverändert"
34;"web_loes_website_desc";"Ihre moderne Vereinswebsite – oder die Ergänzung zu Ihrer bestehenden Website.";"Az Ön modern egyesületi weboldala – vagy kiegészítés a meglévő weboldalához.";"Lösungen, Karte Website";"geändert"
35;"web_hero_stat_app";"Vereins-App";"Egyesületi app";"Hero";"unverändert"
36;"web_loes_app_desc";"Die eigene Vereins-App für Mitglieder, Eltern, Spieler und Fans.";"Saját egyesületi app tagoknak, szülőknek, játékosoknak és szurkolóknak.";"Lösungen, Karte Vereins-App";"geändert"
37;"web_loes_studio_name";"Studio";"Stúdió";"Lösungen";"unverändert"
38;"web_loes_studio_desc";"Die zentrale Plattform für Beiträge, Entwürfe und geplante Veröffentlichungen.";"A központi platform bejegyzésekhez, piszkozatokhoz és időzített közzétételekhez.";"Lösungen, Karte ONLANG Studio";"geändert"
39;"web_loes_tv_name";"Vereins-TV";"Egyesületi TV";"Lösungen, Karte Vereins-TV; Ablauf";"neu"
40;"web_loes_tv_desc";"Videos und Spielaufnahmen Ihres Vereins in einem eigenen Kanal.";"Egyesületének videói és mérkőzésfelvételei egy saját csatornán.";"Lösungen, Karte Vereins-TV";"neu"
41;"web_loes_push_name";"Push-Mitteilungen";"Push-üzenetek";"Lösungen";"unverändert"
42;"web_badge_in_kuerze";"in Kürze";"hamarosan";"Schild an Karten und Kanälen";"neu"
43;"web_loes_push_desc";"Wichtige Informationen direkt auf das Smartphone Ihrer Mitglieder.";"Fontos információk közvetlenül a tagok okostelefonjára.";"Lösungen, Karte Push-Mitteilungen";"geändert"
44;"web_loes_veranstaltungen_name";"Veranstaltungen";"Rendezvények";"Lösungen";"unverändert"
45;"web_loes_veranstaltungen_desc";"Termine und Veranstaltungen als Beitrag ankündigen – in App und auf der Website.";"Időpontok és rendezvények meghirdetése bejegyzésként – az appban és a weboldalon.";"Lösungen, Karte Veranstaltungen";"geändert"
46;"web_loes_grafik_name";"Grafikgenerator";"Grafikagenerátor";"Lösungen, Karte Grafikgenerator";"neu"
47;"web_loes_grafik_desc";"Ergebnisse, Termine und Tabellen in Sekunden als Grafik für Social Media. Banner für Veranstaltungen (in Kürze).";"Eredmények, időpontok és tabellák másodpercek alatt grafikaként a közösségi médiához. Rendezvénybannerek (hamarosan).";"Lösungen, Karte Grafikgenerator";"neu"
48;"web_loes_sponsoren_name";"Sponsoren";"Szponzorok";"Lösungen";"unverändert"
49;"web_loes_sponsoren_desc";"Digitale Sichtbarkeit für Ihre Sponsoren auf Website und App.";"Digitális láthatóság szponzorainak a weboldalon és az appban.";"Lösungen, Karte Sponsoren";"geändert"
50;"web_loes_ki_name";"KI-Spielberichte";"AI mérkőzésjelentések";"Lösungen";"unverändert"
51;"web_loes_ki_desc";"Spielberichte entstehen automatisch aus dem Spielbogen.";"A mérkőzésjelentések automatikusan a jegyzőkönyvből készülnek.";"Lösungen, Karte KI-Spielberichte";"geändert"
52;"web_loes_social_name";"Social Media";"Közösségi média";"Lösungen";"unverändert"
53;"web_loes_social_desc";"Beiträge per Knopfdruck auf Facebook und Instagram veröffentlichen.";"Bejegyzések közzététele egy gombnyomással a Facebookon és az Instagramon.";"Lösungen, Karte Social Media";"geändert"
54;"web_loes_newsletter_name";"Newsletter";"Hírlevél";"Lösungen";"unverändert"
55;"web_loes_newsletter_desc";"Vereinsnachrichten automatisch als Newsletter.";"Egyesületi hírek automatikusan hírlevélként.";"Lösungen, Karte Newsletter";"geändert"
56;"web_loes_presse_name";"Presse & Vereinszeitung";"Sajtó és egyesületi újság";"Lösungen, Karte Presse & Vereinszeitung";"neu"
57;"web_loes_presse_desc";"Aus Ihren Inhalten entstehen Pressetexte und Publikationen.";"Tartalmaiból sajtóanyagok és kiadványok készülnek.";"Lösungen, Karte Presse & Vereinszeitung";"neu"
58;"web_flow_eyebrow";"Funktionsweise";"Működés";"So funktioniert ONLANG";"unverändert"
59;"web_flow_title";"So funktioniert ONLANG";"Így működik az ONLANG";"So funktioniert ONLANG";"unverändert"
60;"web_flow_subtitle";"Ein zentraler Eingabepunkt – mehrere Kommunikationskanäle.";"Egy központi beviteli pont – több kommunikációs csatorna.";"So funktioniert ONLANG, Untertitel";"geändert"
61;"web_flow_node";"ONLANG Studio";"ONLANG Stúdió";"So funktioniert ONLANG, erste Stufe";"geändert"
62;"web_flow_inhalt";"Beitrag / Ergebnis / Spielbericht";"Bejegyzés / eredmény / mérkőzésjelentés";"So funktioniert ONLANG, zweite Stufe";"neu"
63;"web_flow_app";"App";"App";"So funktioniert ONLANG";"unverändert"
64;"web_flow_push";"Push";"Push";"So funktioniert ONLANG";"unverändert"
65;"web_flow_claim";"Einmal erstellen. Mehrfach nutzen.";"Egyszer létrehozni. Többször felhasználni.";"So funktioniert ONLANG, Schlusszeile";"geändert"
66;"web_bestand_eyebrow";"Bestehende Website behalten";"A meglévő weboldal megmarad";"Bestehende Website, Vorzeile";"neu"
67;"web_bestand_title";"Sie haben bereits eine Vereinswebsite? Kein Problem.";"Már van egyesületi weboldala? Semmi gond.";"Bestehende Website, Überschrift";"neu"
68;"web_bestand_p1";"Sie müssen Ihre bestehende Website nicht ersetzen. ONLANG ergänzt Ihre Website: Ihre ONLANG-Beiträge erscheinen über eine einfache Einbindung auch auf Ihrer bisherigen Seite.";"Meglévő weboldalát nem kell lecserélnie. Az ONLANG kiegészíti a weboldalát: ONLANG-bejegyzései egy egyszerű beágyazással az eddigi oldalán is megjelennek.";"Bestehende Website, Absatz 1";"neu"
69;"web_bestand_p2";"So bleibt Ihre Website bestehen – und Ihre Inhalte pflegen Sie trotzdem zentral in ONLANG.";"Így a weboldala megmarad – a tartalmait pedig mégis központilag, az ONLANG-ban kezeli.";"Bestehende Website, Absatz 2";"neu"
70;"web_fuerwen_eyebrow";"Zielgruppe";"Célcsoport";"Für wen";"unverändert"
71;"web_fuerwen_title";"Für wen ist ONLANG gedacht?";"Kinek készült az ONLANG?";"Für wen";"unverändert"
72;"web_fuerwen_subtitle";"ONLANG wächst mit Ihrem Verein.";"Az ONLANG együtt növekszik az Ön egyesületével.";"Für wen, Untertitel";"geändert"
73;"web_sport_basketball";"Basketball";"Kosárlabda";"Für wen, Kacheln";"unverändert"
74;"web_sport_fussball";"Fußball";"Labdarúgás";"Für wen, Kacheln";"unverändert"
75;"web_sport_handball";"Handball";"Kézilabda";"Für wen, Kacheln";"unverändert"
76;"web_sport_volleyball";"Volleyball";"Röplabda";"Für wen, Kacheln";"unverändert"
77;"web_fuerwen_mehrsparten";"Mehrspartenvereine";"Több szakosztályos egyesületek";"Für wen";"unverändert"
78;"web_fuerwen_kreise";"Kreise";"Körzetek";"Für wen";"unverändert"
79;"web_fuerwen_verbaende";"Verbände";"Szövetségek";"Für wen";"unverändert"
80;"web_fuerwen_weitere_sportarten";"Weitere Sportarten";"További sportágak";"Für wen";"unverändert"
81;"web_badge_bald";"Bald";"Hamarosan";"Schild";"unverändert"
82;"web_fuerwen_p1";"Ob kleine Abteilung, eigenständiger Sportverein oder großer Mehrspartenverein: ONLANG bietet eine gemeinsame digitale Plattform für den gesamten Verein.";"Legyen szó kis szakosztályról, önálló sportegyesületről vagy nagy, több szakosztályos egyesületről: az ONLANG közös digitális platformot kínál az egész egyesületnek.";"Für wen, Absatz unter den Kacheln";"neu"
83;"web_fuerwen_p2";"Der Preis gilt pro Verein – nicht pro Abteilung und nicht pro Mannschaft.";"Az ár egyesületenként értendő – nem szakosztályonként és nem csapatonként.";"Für wen, Absatz unter den Kacheln";"neu"
84;"web_ref_eyebrow";"Vertrauen";"Bizalom";"Referenzen";"unverändert"
85;"web_ref_subtitle";"Diese Vereine setzen bereits auf ONLANG.";"Ezek az egyesületek már az ONLANG-ra építenek.";"Referenzen, Untertitel";"geändert"
86;"web_ref_scorpions_meta";"Basketball · NRW";"Kosárlabda · Észak-Rajna–Vesztfália";"Referenzen, Karte Scorpions";"neu"
87;"web_ref_darazsak_meta";"Basketball · Budapest, Ungarn";"Kosárlabda · Budapest, Magyarország";"Referenzen, Karte Darazsak";"neu"
88;"web_ref_weitere";"Weitere Vereine folgen.";"További egyesületek következnek.";"Referenzen, dritte Karte";"neu"
89;"web_preise_eyebrow";"Konditionen";"Feltételek";"Preise";"unverändert"
90;"web_preise_subtitle";"Transparent und fair – mit einem besonderen Gründerangebot zum Marktstart.";"Átlátható és tisztességes – különleges alapítói ajánlattal a piaci indulásra.";"Preise, Untertitel";"geändert"
91;"web_preis_basic_tag";"Ihr Verein ist digital.";"Egyesülete digitális.";"Preise, Karte BASIC";"geändert"
92;"web_preis_gruenderpreis";"Gründerpreis";"Alapítói ár";"Preise, kleine Zeile über dem Preis (beide Karten)";"neu"
93;"web_preis_basic_betrag";"9,90 €";"9,90 €";"Preise, Karte BASIC, großer Preis";"neu"
94;"web_preis_pro_monat";"/ Monat";"/ hó";"Preise";"unverändert"
95;"web_preis_basic_statt";"statt 29,90 €";"29,90 € helyett";"Preise, Karte BASIC, neben dem Preis";"neu"
96;"web_preis_basic_einrichtung";"Einrichtung: 0 € für Gründervereine (regulär 49,90 €)";"Beállítás: 0 € az alapító egyesületeknek (normál ár: 49,90 €)";"Preise, Karte BASIC";"neu"
97;"web_preis_basic_f1";"Vereins-Website – oder Einbindung in Ihre bestehende Website";"Egyesületi weboldal – vagy beágyazás a meglévő weboldalába";"Preise, Liste BASIC";"neu"
98;"web_preis_basic_f2";"Vereins-App für Mitglieder, Eltern und Fans";"Egyesületi app tagoknak, szülőknek és szurkolóknak";"Preise, Liste BASIC";"neu"
99;"web_preis_basic_f3";"Spielplan, Ergebnisse und Tabellen";"Mérkőzésnaptár, eredmények és tabellák";"Preise, Liste BASIC";"neu"
100;"web_preis_basic_f4";"Mannschaften und Teams";"Csapatok és korosztályok";"Preise, Liste BASIC (Begriff bitte prüfen)";"neu"
101;"web_preis_basic_f5";"Sponsoren auf Website und App";"Szponzorok a weboldalon és az appban";"Preise, Liste BASIC";"neu"
102;"web_preis_basic_f6";"News direkt aus der App";"Hírek közvetlenül az appból";"Preise, Liste BASIC";"neu"
103;"web_badge_beliebt";"Beliebt";"Népszerű";"Schild";"unverändert"
104;"web_preis_pro_tag";"Ihr Verein kommuniziert digital.";"Egyesülete digitálisan kommunikál.";"Preise, Karte PRO";"geändert"
105;"web_preis_pro_betrag";"29,90 €";"29,90 €";"Preise, Karte PRO, großer Preis";"neu"
106;"web_preis_pro_statt";"statt 49,90 €";"49,90 € helyett";"Preise, Karte PRO, neben dem Preis";"neu"
107;"web_preis_pro_einrichtung";"Einrichtung: 0 € für Gründervereine (regulär 149,00 €)";"Beállítás: 0 € az alapító egyesületeknek (normál ár: 149,00 €)";"Preise, Karte PRO";"neu"
108;"web_preis_pro_f1";"Alles aus BASIC";"Minden, ami a BASIC csomagban";"Preise, Liste PRO";"neu"
109;"web_preis_pro_f2";"ONLANG Studio";"ONLANG Stúdió";"Preise, Liste PRO";"neu"
110;"web_preis_pro_f3";"Beiträge als Entwurf speichern und zeitlich planen";"Bejegyzések mentése piszkozatként és időzítése";"Preise, Liste PRO";"neu"
111;"web_preis_pro_f4";"Pro Beitrag wählen, wo er erscheint";"Bejegyzésenként kiválasztható, hol jelenjen meg";"Preise, Liste PRO";"neu"
112;"web_preis_pro_f5";"Vereins-TV";"Egyesületi TV";"Preise, Liste PRO";"neu"
113;"web_preis_pro_f6";"Push-Mitteilungen (in Kürze)";"Push-üzenetek (hamarosan)";"Preise, Liste PRO";"neu"
114;"web_preis_pro_f7";"Veranstaltungen";"Rendezvények";"Preise, Liste PRO";"neu"
115;"web_preis_pro_f8";"Grafikgenerator für Ergebnisse, Termine und Tabellen";"Grafikagenerátor eredményekhez, időpontokhoz és tabellákhoz";"Preise, Liste PRO";"neu"
116;"web_preis_pro_f9";"KI-Spielberichte (in Kürze)";"AI mérkőzésjelentések (hamarosan)";"Preise, Liste PRO";"neu"
117;"web_preis_pro_f10";"Social Media per Knopfdruck (in Kürze)";"Közösségi média egy gombnyomással (hamarosan)";"Preise, Liste PRO";"neu"
118;"web_preis_pro_f11";"Newsletter (in Kürze)";"Hírlevél (hamarosan)";"Preise, Liste PRO";"neu"
119;"web_preis_pro_f12";"Presse & Vereinszeitung (in Kürze)";"Sajtó és egyesületi újság (hamarosan)";"Preise, Liste PRO";"neu"
120;"web_preis_beide";"Beide Pakete: 14 Tage kostenlos testen – mit vollem PRO-Umfang.";"Mindkét csomag: 14 napos ingyenes próba – a teljes PRO funkciókörrel.";"Preise, Zeile unter den Karten";"neu"
121;"web_preis_proplus";"Demnächst: PRO+ – Eine geplante Überraschung für Vereine mit großen Plänen.";"Hamarosan: PRO+ – tervezett meglepetés a nagy terveket szövő egyesületeknek.";"Preise, Streifen PRO+";"neu"
122;"web_gruender_title";"ONLANG Gründerangebot 2026";"ONLANG alapítói ajánlat 2026";"Kasten unter den Preisen, links";"neu"
123;"web_gruender_lead";"Die ersten 50 Vereine sichern sich den ONLANG-Gründerpreis.";"Az első 50 egyesület megszerzi az ONLANG alapítói árat.";"Kasten unter den Preisen, links";"neu"
124;"web_gruender_zeitraum";"Registrierung vom 01.11. bis 31.12.2026, solange die 50 Plätze verfügbar sind.";"Regisztráció 2026. november 1. és december 31. között, amíg az 50 hely elérhető.";"Kasten unter den Preisen, links";"neu"
125;"web_gruender_basic";"BASIC: 9,90 € / Monat statt 29,90 €";"BASIC: 9,90 € / hó 29,90 € helyett";"Kasten unter den Preisen, Liste";"neu"
126;"web_gruender_pro";"PRO: 29,90 € / Monat statt 49,90 €";"PRO: 29,90 € / hó 49,90 € helyett";"Kasten unter den Preisen, Liste";"neu"
127;"web_gruender_einrichtung";"Einrichtung: 0 € statt 49,90 € bzw. 149,00 €";"Beállítás: 0 € a 49,90 €, illetve 149,00 € helyett";"Kasten unter den Preisen, Liste";"neu"
128;"web_gruender_dauerhaft";"Der Gründerpreis gilt dauerhaft, solange der Verein ohne Unterbrechung ONLANG-Kunde bleibt.";"Az alapítói ár tartósan érvényes, amíg az egyesület megszakítás nélkül az ONLANG ügyfele marad.";"Kasten unter den Preisen, links";"neu"
129;"web_gruender_pro_verein";"Die Preise gelten pro Verein – unabhängig von der Anzahl der Abteilungen oder Mannschaften.";"Az árak egyesületenként értendők – a szakosztályok és a csapatok számától függetlenül.";"Kasten unter den Preisen, links";"neu"
130;"web_test_title";"14 Tage kostenlos testen";"14 napos ingyenes próba";"Kasten unter den Preisen, rechts";"neu"
131;"web_test_p1";"Testen Sie ONLANG 14 Tage kostenlos mit dem vollen PRO-Umfang. Entdecken Sie App, Website, Studio und Vereins-TV Ihres Vereins.";"Próbálja ki az ONLANG-ot 14 napig ingyen, a teljes PRO funkciókörrel. Fedezze fel egyesülete appját, weboldalát, Stúdióját és Egyesületi TV-jét.";"Kasten unter den Preisen, rechts";"neu"
132;"web_test_p2";"Sie erhalten Ihren Testzugang und können sofort loslegen: Vereinslogo, Begrüßungstext, Vereinsfarbe, Mitgliederzahl und Mannschaften hinterlegen Sie in wenigen Minuten selbst. Auf Wunsch unterstützen wir Sie beim Einrichten.";"Megkapja a tesztelői hozzáférését, és azonnal kezdhet: az egyesület logóját, üdvözlő szövegét, színét, taglétszámát és csapatait néhány perc alatt saját maga beállíthatja. Kérésre segítünk a beállításban.";"Kasten unter den Preisen, rechts";"neu"
133;"web_test_p3";"Die Testphase kann auch über den Jahreswechsel hinauslaufen. Entscheidend für den Gründerpreis ist die Registrierung innerhalb des Gründerzeitraums.";"A próbaidőszak az évfordulón is átnyúlhat. Az alapítói ár szempontjából az alapítói időszakon belüli regisztráció számít.";"Kasten unter den Preisen, rechts";"neu"
134;"web_news_eyebrow";"Aktuelles";"Aktuális";"News";"unverändert"
135;"web_news_subtitle";"Neuigkeiten direkt aus dem ONLANG Studio.";"Hírek közvetlenül az ONLANG Stúdióból.";"News";"unverändert"
136;"web_news_laden";"Laden…";"Betöltés...";"News";"unverändert"
137;"web_news_beitraege_laden";"Beiträge werden geladen";"Bejegyzések betöltése";"News";"unverändert"
138;"web_news_demnaechst";"Demnächst aus dem ONLANG Studio.";"Hamarosan az ONLANG Stúdióból.";"News";"unverändert"
139;"web_ueber_eyebrow";"Vision";"Vízió";"Über ONLANG";"unverändert"
140;"web_ueber_p1";"ONLANG entsteht aus über 30 Jahren praktischer Erfahrung in der Sportvereins-Kommunikation. Wir kennen die täglichen Herausforderungen ehrenamtlicher Vereinsarbeit aus eigener Erfahrung.";"Az ONLANG több mint 30 év gyakorlati sportegyesületi kommunikációs tapasztalatából született. Saját tapasztalatból ismerjük az önkéntes egyesületi munka mindennapi kihívásait.";"Über ONLANG, Absatz 1";"geändert"
141;"web_ueber_p2";"Unsere Idee ist einfach: Sportvereine sollen mehr Zeit für ihren Sport und ihre Mitglieder haben – und weniger Zeit mit doppelter digitaler Arbeit verbringen.";"Az ötletünk egyszerű: a sportegyesületeknek több idejük legyen a sportra és a tagjaikra – és kevesebb időt töltsenek a kétszeres digitális munkával.";"Über ONLANG, Absatz 2";"neu"
142;"web_ueber_p3";"Deshalb verbindet ONLANG Website, App, Studio und Vereinskommunikation in einer gemeinsamen Plattform.";"Ezért az ONLANG egy közös platformban köti össze a weboldalt, az appot, a Stúdiót és az egyesületi kommunikációt.";"Über ONLANG, Absatz 3";"neu"
143;"web_markt_title";"Marktstart";"Piaci indulás";"Über ONLANG, rechte Spalte";"neu"
144;"web_markt_1_datum";"01.11.2026";"2026. november 1.";"Marktstart, Schritt 1";"neu"
145;"web_markt_1_text";"Offizieller ONLANG-Marktstart mit BASIC und PRO";"Az ONLANG hivatalos piaci indulása a BASIC és a PRO csomaggal";"Marktstart, Schritt 1";"neu"
146;"web_markt_2_datum";"November/Dezember";"November–december";"Marktstart, Schritt 2";"neu"
147;"web_markt_2_text";"Die ersten Gründervereine starten";"Elindulnak az első alapító egyesületek";"Marktstart, Schritt 2";"neu"
148;"web_markt_3_datum";"Zum Jahresende";"Év végén";"Marktstart, Schritt 3";"neu"
149;"web_markt_3_text";"Eine geplante Überraschung 🎁";"Egy tervezett meglepetés 🎁";"Marktstart, Schritt 3";"neu"
150;"web_markt_4_datum";"31.12.2026";"2026. december 31.";"Marktstart, Schritt 4";"neu"
151;"web_markt_4_text";"Ende des Gründerzeitraums";"Az alapítói időszak vége";"Marktstart, Schritt 4";"neu"
152;"web_kontakt_eyebrow";"14 Tage kostenlos testen";"14 napos ingyenes próba";"Kontakt, Vorzeile";"geändert"
153;"web_kontakt_title";"Starten Sie mit ONLANG";"Induljon el az ONLANG-gal";"Kontakt, Überschrift";"neu"
154;"web_kontakt_gruender";"Die ersten 50 Vereine erhalten den ONLANG-Gründerpreis.";"Az első 50 egyesület megkapja az ONLANG alapítói árat.";"Kontakt, erste Zeile unter der Überschrift";"neu"
155;"web_kontakt_subtitle";"Wir zeigen Ihnen ONLANG unverbindlich und erklären, welche Möglichkeiten für Ihren Verein sinnvoll sind.";"Kötelezettség nélkül bemutatjuk Önnek az ONLANG-ot, és elmagyarázzuk, mely lehetőségek hasznosak az egyesülete számára.";"Kontakt, zweite Zeile unter der Überschrift";"geändert"
156;"web_contact_name";"Name";"Név";"Kontaktformular";"unverändert"
157;"web_contact_email";"E-Mail";"E-mail";"Kontaktformular";"unverändert"
158;"web_contact_verein";"Verein / Organisation";"Egyesület / szervezet";"Kontaktformular";"unverändert"
159;"web_contact_message";"Nachricht";"Üzenet";"Kontaktformular";"unverändert"
160;"web_contact_send";"Nachricht senden";"Üzenet küldése";"Kontaktformular";"unverändert"
161;"web_kontakt_telefon";"Telefon";"Telefon";"Kontakt";"unverändert"
162;"web_kontakt_social_media";"Social Media";"Közösségi média";"Kontakt";"unverändert"
163;"web_footer_desc";"ONLANG – Die digitale Plattform für Sportvereine. Einmal erstellen. Überall aktuell.";"ONLANG – a sportegyesületek digitális platformja. Egyszer létrehozni. Mindenhol naprakész.";"Footer, Text unter dem Logo";"geändert"
164;"web_footer_produkt";"Produkt";"Termék";"Footer";"unverändert"
165;"web_footer_unternehmen";"Unternehmen";"Vállalat";"Footer";"unverändert"
166;"web_footer_zugang";"Zugang";"Belépés";"Footer";"unverändert"
167;"web_footer_login_studio";"Login Studio";"Belépés Stúdió";"Footer";"unverändert"
168;"web_footer_demnaechst";"Demnächst verfügbar";"Hamarosan elérhető";"Footer";"unverändert"
169;"web_footer_login_kunden";"Login Kunden (demnächst)";"Ügyfél-belépés (hamarosan)";"Footer";"unverändert"
170;"web_footer_support";"Support";"Támogatás";"Footer";"unverändert"
171;"web_footer_rechte";"ONLANG. Alle Rechte vorbehalten.";"ONLANG. Minden jog fenntartva.";"Footer";"unverändert"
172;"web_footer_impressum";"Impressum";"Impresszum";"Footer";"unverändert"
173;"web_footer_datenschutz";"Datenschutz";"Adatvédelem";"Footer";"unverändert"
174;"web_footer_nutzungsbedingungen";"Nutzungsbedingungen";"Felhasználási feltételek";"Footer";"unverändert"
175;"web_contact_pflichtfelder";"Bitte alle Pflichtfelder ausfüllen.";"Kérjük, töltse ki az összes kötelező mezőt.";"Kontaktformular, Meldung";"nur Ungarisch geändert (höfliche Form)"
176;"web_contact_sending";"Wird gesendet…";"Küldés…";"Kontaktformular";"unverändert"
177;"web_contact_sending_message";"Nachricht wird gesendet…";"Az üzenet küldése folyamatban…";"Kontaktformular";"unverändert"
178;"web_contact_success";"Vielen Dank! Ihre Nachricht wurde erfolgreich gesendet.";"Köszönjük! Üzenetét sikeresen elküldtük.";"Kontaktformular, Meldung";"nur Ungarisch geändert (höfliche Form)"
179;"web_contact_error";"Es gab ein Problem beim Senden der Nachricht.";"Hiba történt az üzenet küldése során.";"Kontaktformular";"unverändert"
180;"web_contact_retry";"Bitte versuchen Sie es später erneut.";"Kérjük, próbálja újra később.";"Kontaktformular, Meldung";"nur Ungarisch geändert (höfliche Form)"
